ссылка;адрес;район;город;площадь;цена;дата публикации
https://n1.ru/view/28193748/;2-к, Северной Двины набережная, 71;Ломоносовский округ, Центр;Архангельск, ;75 м2;6 200 000 ;01.11.2018
https://n1.ru/view/28414035/;2-к, Ленинградский проспект, 23;Ломоносовский округ;Архангельск;51 м2;2 790 000 ;21.11.2018
https://n1.ru/view/27643058/;2-к, Шабалина, 22;Ломоносовский округ, Центр;Архангельск;46 м2;3 300 000 ;18.09.2018
https://n1.ru/view/27546840/;2-к, Воскресенская, 6;Ломоносовский округ, Центр;Архангельск;50 м2;4 000 000 ;10.09.2018
https://n1.ru/view/27455369/;2-к, Смольный Буян, 24 1к;Ломоносовский округ;Архангельск;46 м2;3 160 000 ;03.09.2018
https://n1.ru/view/27268048/;2-к, Смольный Буян, 16 1к;Ломоносовский округ;Архангельск;43 м2;2 300 000 ;21.08.2018
https://n1.ru/view/27268026/;2-к, Смольный Буян, 14 1к;Ломоносовский округ;Архангельск;45 м2;2 520 000 ;21.08.2018
https://n1.ru/view/26554419/;2-к, Ломоносова проспект, 222;Ломоносовский округ, Центр;Архангельск;48 м2;3 200 000 ;28.06.2018
https://n1.ru/view/26503283/;2-к, Ломоносова проспект, 53;Ломоносовский округ, Центр;Архангельск;51 м2;4 870 000 ;25.06.2018
https://n1.ru/view/26411290/;2-к, Тимме, 2 4к;Ломоносовский округ, Привокзальный;Архангельск;51 м2;3 150 000 ;18.06.2018
https://n1.ru/view/25032953/;2-к, Дзержинского проспект, 3 к4;Ломоносовский округ, Привокзальный;Архангельск;46 м2;2 780 000 ;19.03.2018
https://n1.ru/view/24173079/;2-к, Романа Куликова, 21;Ломоносовский округ, Центр;Архангельск;77 м2;6 000 000 ;29.01.2018
https://n1.ru/view/22798222/;2-к, Советских Космонавтов проспект, 52 к2;Ломоносовский округ, Центр;Архангельск;81 м2;7 400 000 ;25.11.2017
https://n1.ru/view/20907975/;2-к, Поморская, 34 к2;Ломоносовский округ, Центр;Архангельск;61 м2;4 600 000 ;23.10.2017
https://n1.ru/view/28703638/;2-к, Ленинградский проспект, 21 корп. 1;Ломоносовский округ;Архангельск;45 м2;2 690 000 ;13.12.2018
https://n1.ru/view/28607715/;2-к, Северной Двины набережная, 71;Ломоносовский округ, Центр;Архангельск, ;48 м2;4 400 000 ;06.12.2018
https://n1.ru/view/28607716/;2-к, Северной Двины набережная, 32;Ломоносовский округ, Центр;Архангельск;80 м2;6 100 000 ;06.12.2018
https://n1.ru/view/28439740/;2-к, Северной Двины набережная, 12;Ломоносовский округ, Центр;Архангельск;45 м2;2 450 000 ;23.11.2018
https://n1.ru/view/28428301/;2-к, Воскресенская, 100;Ломоносовский округ, Центр;Архангельск;45 м2;2 900 000 ;22.11.2018
https://n1.ru/view/28334414/;2-к, Карла Либкнехта, 22;Ломоносовский округ, Центр;Архангельск;59 м2;5 550 000 ;14.11.2018
https://n1.ru/view/28057909/;2-к, Дзержинского проспект, 3 корп. 4;Ломоносовский округ, Привокзальный;Архангельск;46 м2;2 900 000 ;22.10.2018
https://n1.ru/view/27346231/;2-к, Воскресенская, 14;Ломоносовский округ, Центр;Архангельск;58 м2;5 300 000 ;28.08.2018
https://n1.ru/view/26302716/;2-к, Ломоносова проспект, 53;Ломоносовский округ, Центр;Архангельск;51 м2;4 770 000 ;08.06.2018
https://n1.ru/view/16828108/;2-к, Обводный Канал проспект, 29;Ломоносовский округ, Центр;Архангельск;47 м2;3 780 000 ;22.02.2017
https://n1.ru/view/28626542/;2-к, Поморская, 44;Ломоносовский округ, Центр;Архангельск;44 м2;3 249 000 ;07.12.2018
https://n1.ru/view/28189670/;2-к, Ломоносова проспект, 64;Ломоносовский округ, Центр;Архангельск;63 м2;6 550 000 ;01.11.2018
https://n1.ru/view/24173526/;2-к, Поморская, 34 к 3;Ломоносовский округ, Центр;Архангельск;69 м2;3 800 000 ;30.01.2018
https://n1.ru/view/28478199/;2-к, Воскресенская, 104;Ломоносовский округ, Центр;Архангельск;55 м2;3 550 000 ;27.11.2018
https://n1.ru/view/28350668/;2-к, Поморская, 34 3к;Ломоносовский округ, Центр;Архангельск;68 м2;3 800 000 ;15.11.2018
https://n1.ru/view/28714169/;2-к, Ломоносова проспект, 92;Ломоносовский округ, Центр;Архангельск;49 м2;3 300 000 ;14.12.2018
https://n1.ru/view/28714167/;2-к, Дзержинского проспект, 9;Ломоносовский округ, Привокзальный;Архангельск;57 м2;4 000 000 ;14.12.2018
https://n1.ru/view/28714163/;2-к, 23 Гвардейской дивизии, 7;Ломоносовский округ, Привокзальный;Архангельск;30 м2;2 380 000 ;14.12.2018
https://n1.ru/view/28714164/;2-к, 23 Гвардейской дивизии, 7;Ломоносовский округ, Привокзальный;Архангельск;30 м2;2 380 000 ;14.12.2018
https://n1.ru/view/28714129/;2-к, Воскресенская, 14;Ломоносовский округ, Центр;Архангельск;58 м2;5 200 000 ;14.12.2018
https://n1.ru/view/28714082/;2-к, Воскресенская, 96 1к;Ломоносовский округ, Центр;Архангельск;42 м2;3 000 000 ;14.12.2018
https://n1.ru/view/27509555/;2-к, Воскресенская, 14;Ломоносовский округ, Центр;Архангельск;58 м2;5 300 000 ;06.09.2018
https://n1.ru/view/27317257/;2-к, Новгородский проспект, 113 корп. 1;Ломоносовский округ, Центр;Архангельск;69 м2;6 900 000 ;26.08.2018
https://n1.ru/view/27225290/;2-к, Поморская, 34 корп. 2;Ломоносовский округ, Центр;Архангельск;61 м2;5 590 000 ;16.08.2018
https://n1.ru/view/26315900/;2-к, Северодвинская, 31;Ломоносовский округ, Центр;Архангельск;46 м2;4 350 000 ;09.06.2018
https://n1.ru/view/24913915/;2-к, Романа Куликова, 21;Ломоносовский округ, Центр;Архангельск;77 м2;6 100 000 ;12.03.2018
https://n1.ru/view/28713762/;2-к, Обводный Канал проспект, 29;Ломоносовский округ, Центр;Архангельск;42 м2;3 590 000 ;14.12.2018
https://n1.ru/view/28713740/;2-к, Северной Двины набережная, 12 корп. 1;Ломоносовский округ, Центр;Архангельск;45 м2;2 350 000 ;14.12.2018
https://n1.ru/view/28713698/;2-к, Ленинградский проспект, 3;Ломоносовский округ;Архангельск;44 м2;2 340 000 ;14.12.2018
https://n1.ru/view/25821191/;2-к, Воскресенская, 100;Ломоносовский округ, Центр;Архангельск;49 м2;3 750 000 ;03.05.2018
https://n1.ru/view/25371222/;2-к, Выучейского, 98;Ломоносовский округ, Центр;Архангельск;52 м2;3 600 000 ;04.04.2018
https://n1.ru/view/26751082/;2-к, Воскресенская, 6;Ломоносовский округ, Центр;Архангельск;48 м2;4 150 000 ;11.07.2018
https://n1.ru/view/28701465/;2-к, Ломоносова проспект, 53;Ломоносовский округ, Центр;Архангельск;51 м2;4 770 000 ;13.12.2018
https://n1.ru/view/28503989/;2-к, Павла Усова, 23;Ломоносовский округ;Архангельск;49 м2;2 580 000 ;29.11.2018
https://n1.ru/view/27815879/;2-к, Тимме, 2 4к;Ломоносовский округ, Привокзальный;Архангельск;51 м2;3 550 000 ;02.10.2018
https://n1.ru/view/27918232/;2-к, Воскресенская, 116 2к;Ломоносовский округ, Привокзальный;Архангельск;52 м2;3 300 000 ;11.10.2018
https://n1.ru/view/27214024/;2-к, Тимме, 4;Ломоносовский округ, Привокзальный;Архангельск;51 м2;3 640 000 ;15.08.2018
https://n1.ru/view/27880494/;2-к, Дзержинского проспект, 19;Ломоносовский округ, Привокзальный;Архангельск;48 м2;3 000 000 ;08.10.2018
https://n1.ru/view/28371676/;2-к, Северной Двины набережная, 32;Ломоносовский округ, Центр;Архангельск;79 м2;6 100 000 ;17.11.2018
https://n1.ru/view/27746533/;2-к, Поморская, 34 к3;Ломоносовский округ, Центр;Архангельск;51 м2;3 170 000 ;26.09.2018
https://n1.ru/view/28693081/;2-к, Котласская, 3;Ломоносовский округ, Центр;Архангельск;46 м2;3 200 000 ;13.12.2018
https://n1.ru/view/28651518/;2-к, Ленинградский проспект, 1;Ломоносовский округ;Архангельск;28 м2;2 240 000 ;10.12.2018
https://n1.ru/view/27316259/;2-к, Смольный Буян, 21;Ломоносовский округ, Центр;Архангельск;45 м2;3 350 000 ;25.08.2018
https://n1.ru/view/26730104/;2-к, Поморская, 50;Ломоносовский округ, Центр;Архангельск;70 м2;5 200 000 ;09.07.2018
https://n1.ru/view/28625918/;2-к, Обводный Канал проспект, 36 1к;Ломоносовский округ, Центр;Архангельск;43 м2;3 199 000 ;07.12.2018
https://n1.ru/view/26129110/;2-к, Поморская, 34 3к;Ломоносовский округ, Центр;Архангельск;69 м2;3 980 000 ;28.05.2018
https://n1.ru/view/28594895/;2-к, Северной Двины набережная, 32 корп. 1;Ломоносовский округ, Центр;Архангельск;46 м2;4 100 000 ;06.12.2018
https://n1.ru/view/28594896/;2-к, Северной Двины набережная, 32 корп. 1;Ломоносовский округ, Центр;Архангельск;46 м2;4 070 000 ;06.12.2018
https://n1.ru/view/28594901/;2-к, Северной Двины набережная, 32 корп. 1;Ломоносовский округ, Центр;Архангельск;42 м2;3 790 000 ;06.12.2018
https://n1.ru/view/28594898/;2-к, Северной Двины набережная, 32 корп. 1;Ломоносовский округ, Центр;Архангельск;53 м2;4 650 000 ;06.12.2018
https://n1.ru/view/28594900/;2-к, Северной Двины набережная, 32 корп. 1;Ломоносовский округ, Центр;Архангельск;42 м2;3 850 000 ;06.12.2018
https://n1.ru/view/28594894/;2-к, Северной Двины набережная, 32 корп. 1;Ломоносовский округ, Центр;Архангельск;46 м2;4 280 000 ;06.12.2018
https://n1.ru/view/28594899/;2-к, Северной Двины набережная, 32 корп. 1;Ломоносовский округ, Центр;Архангельск;53 м2;4 490 000 ;06.12.2018
https://n1.ru/view/28594902/;2-к, Северной Двины набережная, 32 корп. 1;Ломоносовский округ, Центр;Архангельск;42 м2;3 790 000 ;06.12.2018
https://n1.ru/view/28594897/;2-к, Северной Двины набережная, 32 корп. 1;Ломоносовский округ, Центр;Архангельск;53 м2;4 650 000 ;06.12.2018
https://n1.ru/view/28142192/;2-к, Выучейского, 98;Ломоносовский округ, Центр;Архангельск;52 м2;2 990 000 ;29.10.2018
https://n1.ru/view/28692953/;2-к, Северной Двины набережная, 12 корп. 2;Ломоносовский округ, Центр;Архангельск;45 м2;3 050 000 ;13.12.2018
https://n1.ru/view/28564398/;2-к, Карла Либкнехта, 22;Ломоносовский округ, Центр;Архангельск;56 м2;4 600 000 ;04.12.2018
https://n1.ru/view/28479768/;2-к, Романа Куликова, 21;Ломоносовский округ, Центр;Архангельск;77 м2;6 100 000 ;28.11.2018
https://n1.ru/view/18305928/;2-к, Поморская, 34/3;Ломоносовский округ, Центр;Архангельск;68 м2;3 890 000 ;26.05.2017
https://n1.ru/view/27889842/;2-к, Воскресенская, 114;Ломоносовский округ, Привокзальный;Архангельск;52 м2;4 500 000 ;09.10.2018
https://n1.ru/view/28703487/;2-к, Северной Двины набережная, 71;Ломоносовский округ, Центр;Архангельск, ;48 м2;4 100 000 ;13.12.2018
https://n1.ru/view/28075800/;2-к, Северной Двины набережная, 71;Ломоносовский округ, Центр;Архангельск, ;75 м2;6 190 000 ;23.10.2018
https://n1.ru/view/27914085/;2-к, Поморская, 34 3к;Ломоносовский округ, Центр;Архангельск;52 м2;2 970 000 ;11.10.2018
https://n1.ru/view/27855982/;2-к, Северной Двины набережная, 32 к1;Ломоносовский округ, Центр;Архангельск;46 м2;4 066 000 ;05.10.2018
https://n1.ru/view/27855938/;2-к, Северной Двины набережная, 32 к1;Ломоносовский округ, Центр;Архангельск;46 м2;3 866 500 ;05.10.2018
https://n1.ru/view/26089043/;2-к, Северной Двины набережная, 32;Ломоносовский округ, Центр;Архангельск;61 м2;4 650 000 ;24.05.2018
https://n1.ru/view/25013878/;2-к, Северной Двины набережная, 32 стр.;Ломоносовский округ, Центр;Архангельск, ;61 м2;4 550 000 ;18.03.2018
https://n1.ru/view/28603662/;2-к, Северной Двины набережная, 32 корп. 1;Ломоносовский округ, Центр;Архангельск;56 м2;4 550 000 ;06.12.2018
https://n1.ru/view/28586117/;2-к, Советских Космонавтов проспект, 52;Ломоносовский округ, Центр;Архангельск;80 м2;8 600 000 ;05.12.2018
https://n1.ru/view/28586115/;2-к, Дзержинского проспект, 3 корп. 4;Ломоносовский округ, Привокзальный;Архангельск;46 м2;2 800 000 ;05.12.2018
https://n1.ru/view/28531808/;2-к, Северной Двины набережная, 69;Ломоносовский округ, Центр;Архангельск;52 м2;3 923 500 ;30.11.2018
https://n1.ru/view/28436747/;2-к, Северной Двины набережная, 32;Ломоносовский округ, Центр;Архангельск;79 м2;6 200 000 ;23.11.2018
https://n1.ru/view/28413006/;2-к, В.И.Ленина площадь, 3;Ломоносовский округ, Центр;Архангельск;51 м2;4 280 000 ;21.11.2018
https://n1.ru/view/28176587/;2-к, Дзержинского проспект, 1 корп. 4;Ломоносовский округ, Привокзальный;Архангельск;46 м2;3 300 000 ;31.10.2018
https://n1.ru/view/27812753/;2-к, Тимме, 8 корп. 2;Ломоносовский округ, Привокзальный;Архангельск;39 м2;2 950 000 ;02.10.2018
https://n1.ru/view/27317072/;2-к, Северной Двины набережная, 52;Ломоносовский округ;Архангельск, ;38 м2;4 070 000 ;26.08.2018
https://n1.ru/view/26811206/;2-к, Северной Двины набережная, 12 корп. 1;Ломоносовский округ, Центр;Архангельск;45 м2;3 300 000 ;16.07.2018
https://n1.ru/view/26639300/;2-к, Северной Двины набережная, 12 корп. 1;Ломоносовский округ, Центр;Архангельск;45 м2;3 300 000 ;04.07.2018
https://n1.ru/view/25965209/;2-к, Северной Двины набережная, 32 корп. 1;Ломоносовский округ, Центр;Архангельск;46 м2;3 866 500 ;15.05.2018
https://n1.ru/view/25965208/;2-к, Северной Двины набережная, 32 корп. 1;Ломоносовский округ, Центр;Архангельск;41 м2;3 372 500 ;15.05.2018
https://n1.ru/view/25965210/;2-к, Северной Двины набережная, 32 корп. 1;Ломоносовский округ, Центр;Архангельск;54 м2;4 265 500 ;15.05.2018
https://n1.ru/view/25965211/;2-к, Северной Двины набережная, 32 корп. 1;Ломоносовский округ, Центр;Архангельск;57 м2;3 933 000 ;15.05.2018
https://n1.ru/view/25965201/;2-к, Чумбарова-Лучинского проспект, 15;Ломоносовский округ, Центр;Архангельск;35 м2;3 070 000 ;15.05.2018
https://n1.ru/view/25889999/;2-к, Серафимовича, 39;Ломоносовский округ;Архангельск, ;60 м2;5 500 000 ;09.05.2018
https://n1.ru/view/25846570/;2-к, Смольный Буян, 24 корп. 1;Ломоносовский округ;Архангельск;61 м2;3 590 000 ;05.05.2018
https://n1.ru/view/25773867/;2-к, Чумбарова-Лучинского проспект, 15;Ломоносовский округ, Центр;Архангельск;35 м2;3 070 000 ;28.04.2018
https://n1.ru/view/25518167/;2-к, Северной Двины набережная, 32 корп. 1;Ломоносовский округ, Центр;Архангельск;55 м2;4 000 000 ;13.04.2018
https://n1.ru/view/25278207/;2-к, Ленинградский проспект, 1;Ломоносовский округ;Архангельск;44 м2;2 200 000 ;03.04.2018
https://n1.ru/view/23412879/;2-к, Северной Двины набережная, 32 корп. 1;Ломоносовский округ, Центр;Архангельск;58 м2;4 370 000 ;22.12.2017
https://n1.ru/view/18249768/;2-к, Троицкий проспект, 10;Ломоносовский округ, Центр;Архангельск;60 м2;6 900 000 ;24.05.2017
https://n1.ru/view/28143914/;2-к, Ломоносова проспект, 53;Ломоносовский округ, Центр;Архангельск;51 м2;4 900 000 ;29.10.2018
https://n1.ru/view/27487520/;2-к, Советских Космонавтов проспект, 52;Ломоносовский округ, Центр;Архангельск;75 м2;7 200 000 ;05.09.2018
https://n1.ru/view/27410142/;2-к, Советских Космонавтов проспект, 52;Ломоносовский округ, Центр;Архангельск;74 м2;7 200 000 ;30.08.2018
https://n1.ru/view/23647624/;2-к, Карла Либкнехта, 22;Ломоносовский округ, Центр;Архангельск;58 м2;5 540 000 ;10.01.2018
https://n1.ru/view/27572045/;2-к, Воскресенская, 6;Ломоносовский округ, Центр;Архангельск;48 м2;3 680 000 ;12.09.2018
https://n1.ru/view/26278199/;2-к, Романа Куликова, 6;Ломоносовский округ, Центр;Архангельск;41 м2;3 850 000 ;07.06.2018
https://n1.ru/view/24680687/;2-к, Северной Двины набережная, 32;Ломоносовский округ, Центр;Архангельск;66 м2;7 500 000 ;26.02.2018
https://n1.ru/view/17337225/;2-к, Поморская, 34/3;Ломоносовский округ, Центр;Архангельск;68 м2;4 460 000 ;30.03.2017
https://n1.ru/view/28602305/;2-к, Северодвинская, 82 1к;Ломоносовский округ, Центр;Архангельск;44 м2;3 600 000 ;06.12.2018
https://n1.ru/view/28559838/;2-к, Советских Космонавтов проспект, 52 3к;Ломоносовский округ, Центр;Архангельск;62 м2;6 500 000 ;03.12.2018
https://n1.ru/view/28552567/;2-к, Северной Двины набережная, 4 2к;Ломоносовский округ, Центр;Архангельск;47 м2;2 800 000 ;02.12.2018
https://n1.ru/view/28427373/;2-к, Воскресенская, 15;Ломоносовский округ, Центр;Архангельск;52 м2;6 200 000 ;22.11.2018
https://n1.ru/view/28316090/;2-к, Ленинградский проспект, 1;Ломоносовский округ;Архангельск;41 м2;2 790 000 ;13.11.2018
https://n1.ru/view/27872008/;2-к, Северодвинская, 31;Ломоносовский округ, Центр;Архангельск;45 м2;4 400 000 ;08.10.2018
https://n1.ru/view/26457435/;2-к, Романа Куликова, 6;Ломоносовский округ, Центр;Архангельск;41 м2;3 850 000 ;21.06.2018
https://n1.ru/view/26104632/;2-к, Советских Космонавтов проспект, 52;Ломоносовский округ, Центр;Архангельск;74 м2;6 700 000 ;26.05.2018
https://n1.ru/view/24933261/;2-к, Северной Двины набережная, 32;Ломоносовский округ, Центр;Архангельск;61 м2;6 780 000 ;13.03.2018
https://n1.ru/view/24741863/;2-к, Северной Двины набережная, 32;Ломоносовский округ, Центр;Архангельск;66 м2;7 500 000 ;28.02.2018
https://n1.ru/view/26038799/;2-к, Тимме, 2;Ломоносовский округ, Привокзальный;Архангельск;50 м2;3 600 000 ;21.05.2018
https://n1.ru/view/28592525/;2-к, Дзержинского проспект, 3 4к;Ломоносовский округ, Привокзальный;Архангельск;46 м2;2 900 000 ;05.12.2018
https://n1.ru/view/28672915/;2-к, Розы Люксембург, 23;Ломоносовский округ, Центр;Архангельск;51 м2;3 570 000 ;11.12.2018
https://n1.ru/view/28177122/;2-к, Тимме, 2 4к;Ломоносовский округ, Привокзальный;Архангельск;50 м2;3 270 000 ;31.10.2018
https://n1.ru/view/28603911/;2-к, Новгородский проспект, 35;Ломоносовский округ, Центр;Архангельск;50 м2;3 500 000 ;06.12.2018
https://n1.ru/view/18366829/;2-к, Советских Космонавтов проспект, 52;Ломоносовский округ, Центр;Архангельск;74 м2;6 700 000 ;29.05.2017
https://n1.ru/view/27816881/;2-к, 23 Гвардейской дивизии, 10;Ломоносовский округ, Привокзальный;Архангельск;54 м2;3 500 000 ;02.10.2018
https://n1.ru/view/27215644/;2-к, Гагарина, 61;Ломоносовский округ;Архангельск;48 м2;4 100 000 ;16.08.2018
https://n1.ru/view/28304720/;2-к, Ломоносова проспект, 92;Ломоносовский округ, Центр;Архангельск;50 м2;3 300 000 ;12.11.2018
https://n1.ru/view/27944858/;2-к, Смольный Буян, 24 1к;Ломоносовский округ, Центр;Архангельск;46 м2;3 100 000 ;14.10.2018
https://n1.ru/view/28296592/;2-к, Урицкого, 49;Ломоносовский округ, Центр;Архангельск;49 м2;3 800 000 ;12.11.2018
https://n1.ru/view/28352155/;2-к, Троицкий проспект, 10;Ломоносовский округ, Центр;Архангельск;64 м2;6 600 000 ;15.11.2018
https://n1.ru/view/24531338/;2-к, Поморская, 34/3;Ломоносовский округ, Центр;Архангельск;73 м2;5 000 000 ;16.02.2018
https://n1.ru/view/19390767/;2-к, Романа Куликова, 21;Ломоносовский округ, Центр;Архангельск;77 м2;6 100 000 ;26.07.2017
https://n1.ru/view/22381758/;2-к, Романа Куликова, 21;Ломоносовский округ, Центр;Архангельск;77 м2;5 900 000 ;16.11.2017
https://n1.ru/view/28653119/;2-к, Обводный Канал проспект, 29;Ломоносовский округ, Центр;Архангельск;41 м2;3 650 000 ;11.12.2018
https://n1.ru/view/28625596/;2-к, Воскресенская, 116 2к;Ломоносовский округ, Привокзальный;Архангельск;42 м2;3 180 000 ;07.12.2018
https://n1.ru/view/26649519/;2-к, Смольный Буян, 14 корп.1;Ломоносовский округ;Архангельск;43 м2;2 350 000 ;05.07.2018
https://n1.ru/view/27632882/;2-к, Логинова, 20;Октябрьский округ, Центр;Архангельск;46 м2;4 380 000 ;17.09.2018
https://n1.ru/view/27961958/;2-к, Логинова, 53;Октябрьский округ, Центр;Архангельск;52 м2;4 090 000 ;15.10.2018
https://n1.ru/view/27257312/;2-к, Логинова, 80;Октябрьский округ, Центр;Архангельск;50 м2;3 580 000 ;20.08.2018
https://n1.ru/view/27889879/;2-к, Бадигина проезд, 24;Октябрьский округ;Архангельск;50 м2;3 420 000 ;09.10.2018
https://n1.ru/view/28667682/;2-к, Гайдара, 23;Октябрьский округ, Центр;Архангельск;47 м2;2 750 000 ;11.12.2018
https://n1.ru/view/28667631/;2-к, Воскресенская, 116 3к;Октябрьский округ, Привокзальный;Архангельск;66 м2;6 000 000 ;11.12.2018
https://n1.ru/view/28404358/;2-к, Воскресенская, 59;Октябрьский округ, Центр;Архангельск, ;47 м2;5 000 000 ;21.11.2018
https://n1.ru/view/28717991/;2-к, Дзержинского проспект, 17 корп. 2;Октябрьский округ, Привокзальный;Архангельск;47 м2;3 085 000 ;15.12.2018
https://n1.ru/view/28222161/;2-к, Самойло, 8;Октябрьский округ, Центр;Архангельск;40 м2;2 490 000 ;04.11.2018
https://n1.ru/view/27822976/;2-к, Ломоносова проспект, 152;Октябрьский округ, Центр;Архангельск, ;65 м2;5 250 000 ;03.10.2018
https://n1.ru/view/24099104/;2-к, Карла Маркса, 24;Октябрьский округ, Центр;Архангельск;66 м2;5 250 000 ;25.01.2018
https://n1.ru/view/28669661/;2-к, Гагарина, 9;Октябрьский округ;Архангельск;44 м2;2 450 000 ;11.12.2018
https://n1.ru/view/28564000/;2-к, Обводный Канал проспект, 69;Октябрьский округ, Центр;Архангельск;46 м2;3 100 000 ;03.12.2018
https://n1.ru/view/28437089/;2-к, Гайдара, 46;Октябрьский округ, Центр;Архангельск;50 м2;4 100 000 ;23.11.2018
https://n1.ru/view/28249431/;2-к, Троицкий проспект, 102;Октябрьский округ, Центр;Архангельск;45 м2;3 320 000 ;07.11.2018
https://n1.ru/view/27687090/;2-к, Логинова, 20;Октябрьский округ, Центр;Архангельск;46 м2;4 380 000 ;21.09.2018
https://n1.ru/view/27633623/;2-к, Обводный Канал проспект, 42;Октябрьский округ, Центр;Архангельск;45 м2;2 760 000 ;17.09.2018
https://n1.ru/view/27580972/;2-к, Обводный Канал проспект, 48;Октябрьский округ, Центр;Архангельск;43 м2;2 760 000 ;13.09.2018
https://n1.ru/view/27521488/;2-к, Попова, 32;Октябрьский округ, Центр;Архангельск;63 м2;5 430 000 ;07.09.2018
https://n1.ru/view/27510975/;2-к, Воскресенская, 14;Октябрьский округ, Центр;Архангельск;58 м2;5 300 000 ;06.09.2018
https://n1.ru/view/26642961/;2-к, Ломоносова проспект, 265 1к;Октябрьский округ, Центр;Архангельск;43 м2;2 870 000 ;04.07.2018
https://n1.ru/view/25834568/;2-к, Бадигина проезд, 24;Октябрьский округ;Архангельск;51 м2;3 000 000 ;04.05.2018
https://n1.ru/view/25071539/;2-к, Гайдара, 26;Октябрьский округ, Центр;Архангельск;42 м2;3 100 000 ;21.03.2018
https://n1.ru/view/24490221/;2-к, Вологодская, 30;Октябрьский округ, Центр;Архангельск, ;53 м2;4 700 000 ;14.02.2018
https://n1.ru/view/19706084/;2-к, Комсомольская, 45 1к;Октябрьский округ, Центр;Архангельск;41 м2;2 560 000 ;16.08.2017
https://n1.ru/view/19340703/;2-к, Бадигина проезд, 10/1;Октябрьский округ;Архангельск;56 м2;4 530 000 ;22.07.2017
https://n1.ru/view/27996849/;2-к, Поморская, 13;Октябрьский округ, Центр;Архангельск;50 м2;3 590 000 ;17.10.2018
https://n1.ru/view/28574943/;2-к, Троицкий проспект, 160;Октябрьский округ, Центр;Архангельск;52 м2;4 600 000 ;04.12.2018
https://n1.ru/view/28672847/;2-к, Гагарина, 14;Октябрьский округ, Центр;Архангельск;41 м2;2 680 000 ;11.12.2018
https://n1.ru/view/28577475/;2-к, Воскресенская, 59;Октябрьский округ, Центр;Архангельск, ;54 м2;4 490 000 ;04.12.2018
https://n1.ru/view/28494394/;2-к, Попова, 19;Октябрьский округ, Центр;Архангельск;52 м2;6 350 000 ;28.11.2018
https://n1.ru/view/28439736/;2-к, Троицкий проспект, 104;Октябрьский округ, Центр;Архангельск;45 м2;3 900 000 ;23.11.2018
https://n1.ru/view/28439738/;2-к, Тимме, 19 корп. 3;Октябрьский округ, Привокзальный;Архангельск;51 м2;3 800 000 ;23.11.2018
https://n1.ru/view/28401874/;2-к, Самойло, 10;Октябрьский округ, Центр;Архангельск;46 м2;3 750 000 ;20.11.2018
https://n1.ru/view/28389250/;2-к, Новгородский проспект, 185;Октябрьский округ, Центр;Архангельск;50 м2;4 100 000 ;19.11.2018
https://n1.ru/view/28179772/;2-к, Воскресенская, 59;Октябрьский округ, Центр;Архангельск, ;84 м2;5 350 000 ;31.10.2018
https://n1.ru/view/28097498/;2-к, Садовая, 43;Октябрьский округ, Центр;Архангельск;69 м2;4 690 000 ;24.10.2018
https://n1.ru/view/28057911/;2-к, Попова, 32;Октябрьский округ, Центр;Архангельск;62 м2;5 850 000 ;22.10.2018
https://n1.ru/view/27856918/;2-к, Садовая, 43;Октябрьский округ, Центр;Архангельск;60 м2;4 410 000 ;05.10.2018
https://n1.ru/view/27856919/;2-к, Садовая, 43;Октябрьский округ, Центр;Архангельск;54 м2;4 520 000 ;05.10.2018
https://n1.ru/view/27856911/;2-к, Садовая, 43;Октябрьский округ, Центр;Архангельск;64 м2;5 140 000 ;05.10.2018
https://n1.ru/view/27856915/;2-к, Садовая, 43;Октябрьский округ, Центр;Архангельск;77 м2;5 570 000 ;05.10.2018
https://n1.ru/view/27856912/;2-к, Садовая, 43;Октябрьский округ, Центр;Архангельск;69 м2;5 010 000 ;05.10.2018
https://n1.ru/view/27856908/;2-к, Садовая, 43;Октябрьский округ, Центр;Архангельск;55 м2;4 280 000 ;05.10.2018
https://n1.ru/view/27856905/;2-к, Садовая, 43;Октябрьский округ, Центр;Архангельск;69 м2;5 010 000 ;05.10.2018
https://n1.ru/view/27856909/;2-к, Садовая, 43;Октябрьский округ, Центр;Архангельск;68 м2;4 590 000 ;05.10.2018
https://n1.ru/view/27816007/;2-к, Троицкий проспект, 194;Октябрьский округ, Центр;Архангельск;44 м2;3 300 000 ;02.10.2018
https://n1.ru/view/27789919/;2-к, Гайдара, 27;Октябрьский округ, Центр;Архангельск;50 м2;3 950 000 ;29.09.2018
https://n1.ru/view/27284953/;2-к, Воскресенская, 61;Октябрьский округ, Центр;Архангельск;82 м2;5 500 000 ;22.08.2018
https://n1.ru/view/26260966/;2-к, Авиационная, 12;Октябрьский округ, Талажский авиагородок;Архангельск;44 м2;2 270 000 ;06.06.2018
https://n1.ru/view/19556920/;2-к, Авиационная, 1;Октябрьский округ, Талажский авиагородок;Архангельск;43 м2;1 790 000 ;08.08.2017
https://n1.ru/view/17177203/;2-к, Новгородский проспект, 153;Октябрьский округ, Центр;Архангельск;52 м2;4 290 000 ;18.03.2017
https://n1.ru/view/28317711/;2-к, Авиационная, 12;Октябрьский округ, Талажский авиагородок;Архангельск;44 м2;1 950 000 ;13.11.2018
https://n1.ru/view/27830069/;2-к, Воскресенская, 101 3к;Октябрьский округ, Привокзальный;Архангельск;44 м2;2 970 000 ;03.10.2018
https://n1.ru/view/27509553/;2-к, Авиационная, 2;Октябрьский округ, Талажский авиагородок;Архангельск;43 м2;1 500 000 ;06.09.2018
https://n1.ru/view/27247021/;2-к, Тимме, 19 3к;Октябрьский округ, Привокзальный;Архангельск;54 м2;3 880 000 ;19.08.2018
https://n1.ru/view/25583658/;2-к, Авиаторов, 5;Октябрьский округ;Архангельск;44 м2;1 600 000 ;17.04.2018
https://n1.ru/view/25478572/;2-к, Логинова, 53;Октябрьский округ, Центр;Архангельск;50 м2;4 470 000 ;11.04.2018
https://n1.ru/view/27857390/;2-к, Гайдара, 46;Октябрьский округ, Центр;Архангельск;50 м2;4 300 000 ;05.10.2018
https://n1.ru/view/28688125/;2-к, Новгородский проспект, 158;Октябрьский округ, Центр;Архангельск;50 м2;3 940 000 ;12.12.2018
https://n1.ru/view/26468388/;2-к, Вологодская, 24;Октябрьский округ, Центр;Архангельск;42 м2;2 750 000 ;22.06.2018
https://n1.ru/view/28518246/;2-к, Обводный Канал проспект, 76;Октябрьский округ, Центр;Архангельск;33 м2;3 680 000 ;29.11.2018
https://n1.ru/view/27542099/;2-к, Логинова, 51;Октябрьский округ, Центр;Архангельск, ;72 м2;6 800 000 ;10.09.2018
https://n1.ru/view/25785426/;2-к, Ломоносова проспект, 202 к1;Октябрьский округ, Центр;Архангельск;44 м2;3 170 000 ;30.04.2018
https://n1.ru/view/23274770/;2-к, Логинова, 51;Октябрьский округ, Центр;Архангельск, ;53 м2;4 990 000 ;14.12.2017
https://n1.ru/view/28714165/;2-к, Логинова, 20;Октябрьский округ, Центр;Архангельск;46 м2;4 380 000 ;14.12.2018
https://n1.ru/view/28714124/;2-к, Дзержинского проспект, 15;Октябрьский округ, Привокзальный;Архангельск;57 м2;3 540 000 ;14.12.2018
https://n1.ru/view/28714116/;2-к, Теснанова, 18 корп. 2;Октябрьский округ;Архангельск;46 м2;3 600 000 ;14.12.2018
https://n1.ru/view/28714108/;2-к, Авиационная, 11;Октябрьский округ, Талажский авиагородок;Архангельск;47 м2;2 350 000 ;14.12.2018
https://n1.ru/view/28714102/;2-к, Новгородский проспект, 175;Октябрьский округ, Центр;Архангельск;46 м2;4 380 000 ;14.12.2018
https://n1.ru/view/28714090/;2-к, Авиационная, 11;Октябрьский округ, Талажский авиагородок;Архангельск;47 м2;2 350 000 ;14.12.2018
https://n1.ru/view/28714091/;2-к, Гагарина, 11;Октябрьский округ;Архангельск;44 м2;2 490 000 ;14.12.2018
https://n1.ru/view/28635241/;2-к, Воскресенская, 55;Октябрьский округ, Центр;Архангельск, ;88 м2;7 500 000 ;08.12.2018
https://n1.ru/view/28477492/;2-к, Обводный Канал проспект, 69;Октябрьский округ, Центр;Архангельск;46 м2;3 600 000 ;27.11.2018
https://n1.ru/view/28399900/;2-к, Тимме, 22;Октябрьский округ, Привокзальный;Архангельск;45 м2;3 070 000 ;20.11.2018
https://n1.ru/view/27880390/;2-к, Тимме, 19 корп. 3;Октябрьский округ, Привокзальный;Архангельск;54 м2;3 880 000 ;08.10.2018
https://n1.ru/view/26087356/;2-к, Воскресенская, 55;Октябрьский округ, Центр;Архангельск, ;67 м2;5 050 000 ;24.05.2018
https://n1.ru/view/24097929/;2-к, Логинова, 20;Октябрьский округ, Центр;Архангельск;45 м2;4 380 000 ;25.01.2018
https://n1.ru/view/27901290/;2-к, Свободы, 53;Октябрьский округ, Центр;Архангельск;68 м2;6 990 000 ;10.10.2018
https://n1.ru/view/28713701/;2-к, Воскресенская, 14;Октябрьский округ, Центр;Архангельск;78 м2;7 600 000 ;14.12.2018
https://n1.ru/view/28713733/;2-к, Троицкий проспект, 121 корп. 1;Октябрьский округ, Центр;Архангельск;43 м2;2 800 000 ;14.12.2018
https://n1.ru/view/28713730/;2-к, Троицкий проспект, 121 корп. 1;Октябрьский округ, Центр;Архангельск;43 м2;2 750 000 ;14.12.2018
https://n1.ru/view/27215581/;2-к, В.И.Ленина площадь, 2;Октябрьский округ, Центр;Архангельск;48 м2;3 699 000 ;15.08.2018
https://n1.ru/view/28155245/;2-к, Тимме, 18 1к;Октябрьский округ, Привокзальный;Архангельск;43 м2;2 770 000 ;29.10.2018
https://n1.ru/view/28362212/;2-к, Суворова, 11 2к;Октябрьский округ, Центр;Архангельск, ;41 м2;2 870 000 ;16.11.2018
https://n1.ru/view/26764745/;2-к, Гайдара, 2 1к;Октябрьский округ, Центр;Архангельск;100 м2;9 500 000 ;12.07.2018
https://n1.ru/view/28626744/;2-к, Суфтина, 33 1к;Октябрьский округ, Центр;Архангельск;41 м2;3 390 000 ;07.12.2018
https://n1.ru/view/28388359/;2-к, Троицкий проспект, 160;Октябрьский округ, Центр;Архангельск;51 м2;4 100 000 ;19.11.2018
https://n1.ru/view/28228790/;2-к, Дзержинского проспект, 29;Октябрьский округ;Архангельск;51 м2;3 570 000 ;06.11.2018
https://n1.ru/view/28193844/;2-к, Гагарина, 50;Октябрьский округ, Привокзальный;Архангельск;44 м2;3 150 000 ;01.11.2018
https://n1.ru/view/28130790/;2-к, Садовая, 18;Октябрьский округ, Центр;Архангельск;75 м2;5 780 000 ;27.10.2018
https://n1.ru/view/28056829/;2-к, Дзержинского проспект, 25 2к;Октябрьский округ;Архангельск;45 м2;3 150 000 ;22.10.2018
https://n1.ru/view/27359323/;2-к, Попова, 16;Октябрьский округ, Центр;Архангельск;70 м2;6 950 000 ;30.08.2018
https://n1.ru/view/27042103/;2-к, Авиационная, 5;Октябрьский округ;Архангельск;42 м2;1 600 000 ;03.08.2018
https://n1.ru/view/28713257/;2-к, Бадигина проезд, 24;Октябрьский округ;Архангельск;46 м2;3 650 000 ;14.12.2018
https://n1.ru/view/28713190/;2-к, Ломоносова проспект, 222;Октябрьский округ, Центр;Архангельск;48 м2;3 200 000 ;14.12.2018
https://n1.ru/view/28704691/;2-к, Ломоносова проспект, 214 1к;Октябрьский округ, Центр;Архангельск;44 м2;3 100 000 ;13.12.2018
https://n1.ru/view/28381816/;2-к, Теснанова, 18 2к;Октябрьский округ;Архангельск;46 м2;3 600 000 ;19.11.2018
https://n1.ru/view/27927399/;2-к, В.И.Ленина площадь, 2;Октябрьский округ, Центр;Архангельск;49 м2;3 880 000 ;12.10.2018
https://n1.ru/view/27888684/;2-к, Обводный Канал проспект, 48;Октябрьский округ, Центр;Архангельск;42 м2;2 690 000 ;09.10.2018
https://n1.ru/view/26443675/;2-к, Воскресенская, 59;Октябрьский округ, Центр;Архангельск, ;60 м2;6 000 000 ;20.06.2018
https://n1.ru/view/23404634/;2-к, Воскресенская, 59;Октябрьский округ, Центр;Архангельск, ;59 м2;4 650 000 ;21.12.2017
https://n1.ru/view/28288721/;2-к, Ломоносова проспект, 154;Октябрьский округ, Центр;Архангельск;68 м2;7 999 000 ;10.11.2018
https://n1.ru/view/28156091/;2-к, Вологодская, 30;Октябрьский округ, Центр;Архангельск, ;39 м2;4 050 000 ;30.10.2018
https://n1.ru/view/19327529/;2-к, Советских Космонавтов проспект, 180;Октябрьский округ, Центр;Архангельск;111 м2;9 500 000 ;20.07.2017
https://n1.ru/view/27146007/;2-к, Дзержинского проспект, 21 1к;Октябрьский округ, Привокзальный;Архангельск;60 м2;3 980 000 ;10.08.2018
https://n1.ru/view/28667455/;2-к, Садовая, 18;Октябрьский округ, Центр;Архангельск;79 м2;5 990 000 ;11.12.2018
https://n1.ru/view/28455131/;2-к, Воскресенская, 105;Октябрьский округ, Привокзальный;Архангельск;51 м2;3 480 000 ;26.11.2018
https://n1.ru/view/28441575/;2-к, Гайдара, 42;Октябрьский округ, Центр;Архангельск;61 м2;3 800 000 ;24.11.2018
https://n1.ru/view/27965416/;2-к, Логинова, 4;Октябрьский округ, Центр;Архангельск;44 м2;3 300 000 ;16.10.2018
https://n1.ru/view/27791416/;2-к, Ломоносова проспект, 265 корп. 1;Октябрьский округ, Центр;Архангельск;44 м2;2 780 000 ;30.09.2018
https://n1.ru/view/27286900/;2-к, Дзержинского проспект, 15;Октябрьский округ, Привокзальный;Архангельск;57 м2;3 490 000 ;23.08.2018
https://n1.ru/view/27216304/;2-к, Гайдара, 2 корп. 1;Октябрьский округ, Центр;Архангельск;100 м2;9 500 000 ;16.08.2018
https://n1.ru/view/27136784/;2-к, В.И.Ленина площадь, 2;Октябрьский округ, Центр;Архангельск;48 м2;4 900 000 ;10.08.2018
https://n1.ru/view/25222807/;2-к, Троицкий проспект, 102;Октябрьский округ, Центр;Архангельск;45 м2;3 320 000 ;30.03.2018
https://n1.ru/view/23024910/;2-к, Новгородский проспект, 153;Октябрьский округ, Центр;Архангельск;52 м2;4 350 000 ;02.12.2017
https://n1.ru/view/28552762/;2-к, Тимме, 19 3к;Октябрьский округ, Привокзальный;Архангельск;52 м2;3 750 000 ;02.12.2018
https://n1.ru/view/28520382/;2-к, Авиационная, 7;Октябрьский округ, Талажский авиагородок;Архангельск;41 м2;2 360 000 ;29.11.2018
https://n1.ru/view/28494701/;2-к, Ломоносова проспект, 152;Октябрьский округ, Центр;Архангельск, ;66 м2;7 500 000 ;28.11.2018
https://n1.ru/view/28237256/;2-к, Воскресенская, 61;Октябрьский округ, Центр;Архангельск;58 м2;4 645 500 ;06.11.2018
https://n1.ru/view/28161973/;2-к, Ломоносова проспект, 278;Октябрьский округ, Центр;Архангельск;43 м2;2 670 000 ;30.10.2018
https://n1.ru/view/26863836/;2-к, Воскресенская, 61;Октябрьский округ, Центр;Архангельск;52 м2;4 265 500 ;19.07.2018
https://n1.ru/view/28665094/;2-к, Садовая, 43;Октябрьский округ, Центр;Архангельск;56 м2;3 530 000 ;11.12.2018
https://n1.ru/view/28603655/;2-к, Воскресенская, 101;Октябрьский округ, Привокзальный;Архангельск;50 м2;3 650 000 ;06.12.2018
https://n1.ru/view/28531809/;2-к, Садовая, 43;Октябрьский округ, Центр;Архангельск;55 м2;4 280 000 ;30.11.2018
https://n1.ru/view/28494889/;2-к, Садовая, 43;Октябрьский округ, Центр;Архангельск;45 м2;3 590 000 ;28.11.2018
https://n1.ru/view/28494878/;2-к, Воскресенская, 105 корп. 4;Октябрьский округ, Привокзальный;Архангельск;47 м2;3 200 000 ;28.11.2018
https://n1.ru/view/28436745/;2-к, Ломоносова проспект, 194;Октябрьский округ, Центр;Архангельск;41 м2;3 400 000 ;23.11.2018
https://n1.ru/view/28436748/;2-к, Попова, 32;Октябрьский округ, Центр;Архангельск;54 м2;4 980 000 ;23.11.2018
https://n1.ru/view/28424900/;2-к, Воскресенская, 116 корп. 2;Октябрьский округ, Привокзальный;Архангельск;51 м2;3 390 000 ;22.11.2018
https://n1.ru/view/28665083/;2-к, Попова, 32;Октябрьский округ, Центр;Архангельск;60 м2;5 850 000 ;11.12.2018
https://n1.ru/view/28361176/;2-к, В.И.Ленина площадь, 2;Октябрьский округ, Центр;Архангельск;53 м2;4 800 000 ;16.11.2018
https://n1.ru/view/28312585/;2-к, Троицкий проспект, 81;Октябрьский округ, Центр;Архангельск;41 м2;3 300 000 ;13.11.2018
https://n1.ru/view/28288418/;2-к, Воскресенская, 61;Октябрьский округ, Центр;Архангельск;59 м2;4 760 000 ;10.11.2018
https://n1.ru/view/28214213/;2-к, Обводный Канал проспект, 48;Октябрьский округ, Центр;Архангельск;43 м2;2 800 000 ;03.11.2018
https://n1.ru/view/28063986/;2-к, Садовая, 43;Октябрьский округ, Центр;Архангельск;43 м2;3 440 000 ;23.10.2018
https://n1.ru/view/28063987/;2-к, Садовая, 43;Октябрьский округ, Центр;Архангельск;43 м2;3 480 000 ;23.10.2018
https://n1.ru/view/28063964/;2-к, Воскресенская, 61;Октябрьский округ, Центр;Архангельск;54 м2;4 360 000 ;23.10.2018
https://n1.ru/view/27910656/;2-к, Садовая, 43;Октябрьский округ, Центр;Архангельск;43 м2;3 340 000 ;11.10.2018
https://n1.ru/view/27864165/;2-к, Гагарина, 14 корп. 2;Октябрьский округ, Центр;Архангельск;50 м2;3 980 000 ;06.10.2018
https://n1.ru/view/27722286/;2-к, Садовая, 43;Октябрьский округ, Центр;Архангельск;54 м2;4 294 000 ;25.09.2018
https://n1.ru/view/27722285/;2-к, Садовая, 43;Октябрьский округ, Центр;Архангельск;45 м2;3 268 000 ;25.09.2018
https://n1.ru/view/27722287/;2-к, Садовая, 43;Октябрьский округ, Центр;Архангельск;55 м2;4 066 000 ;25.09.2018
https://n1.ru/view/28559521/;2-к, Ломоносова проспект, 154;Октябрьский округ, Центр;Архангельск;60 м2;5 600 000 ;03.12.2018
https://n1.ru/view/27244367/;2-к, В.И.Ленина площадь, 2;Октябрьский округ, Центр;Архангельск;53 м2;4 800 000 ;18.08.2018
https://n1.ru/view/26908138/;2-к, Северной Двины набережная, 121 корп. 1;Октябрьский округ, Центр;Архангельск;43 м2;4 380 000 ;24.07.2018
https://n1.ru/view/26908142/;2-к, Северной Двины набережная, 121 корп. 1;Октябрьский округ, Центр;Архангельск;57 м2;5 710 000 ;24.07.2018
https://n1.ru/view/26658182/;2-к, Северной Двины набережная, 121 корп. 1;Октябрьский округ, Центр;Архангельск;77 м2;8 420 000 ;05.07.2018
https://n1.ru/view/26658183/;2-к, Северной Двины набережная, 121 корп. 1;Октябрьский округ, Центр;Архангельск;57 м2;5 330 000 ;05.07.2018
https://n1.ru/view/26658181/;2-к, Северной Двины набережная, 121 корп. 1;Октябрьский округ, Центр;Архангельск;88 м2;8 050 000 ;05.07.2018
https://n1.ru/view/26658180/;2-к, Северной Двины набережная, 121 корп. 1;Октябрьский округ, Центр;Архангельск;43 м2;4 170 000 ;05.07.2018
https://n1.ru/view/26572729/;2-к, Комсомольская, 43;Октябрьский округ, Центр;Архангельск;42 м2;3 175 000 ;30.06.2018
https://n1.ru/view/24873134/;2-к, Самойло, 8;Октябрьский округ, Центр;Архангельск;44 м2;2 820 000 ;08.03.2018
https://n1.ru/view/24873126/;2-к, Садовая, 56;Октябрьский округ, Центр;Архангельск;50 м2;3 890 000 ;08.03.2018
https://n1.ru/view/24465842/;2-к, Ломоносова проспект, 154;Октябрьский округ, Центр;Архангельск;68 м2;8 000 000 ;13.02.2018
https://n1.ru/view/28162730/;2-к, Попова, 32;Октябрьский округ, Центр;Архангельск;62 м2;5 640 000 ;30.10.2018
https://n1.ru/view/28401834/;2-к, Ломоносова проспект, 194;Октябрьский округ, Центр;Архангельск;44 м2;3 060 000 ;20.11.2018
https://n1.ru/view/28291408/;2-к, Новгородский проспект, 186;Октябрьский округ, Центр;Архангельск;45 м2;3 000 000 ;11.11.2018
https://n1.ru/view/28278072/;2-к, Авиационная, 12;Октябрьский округ, Талажский авиагородок;Архангельск;43 м2;2 000 000 ;09.11.2018
https://n1.ru/view/28232693/;2-к, Попова, 21;Октябрьский округ, Центр;Архангельск;44 м2;3 200 000 ;06.11.2018
https://n1.ru/view/28193076/;2-к, Ломоносова проспект, 194;Октябрьский округ, Центр;Архангельск;43 м2;3 200 000 ;01.11.2018
https://n1.ru/view/27679821/;2-к, Ломоносова проспект, 289 1к;Октябрьский округ, Центр;Архангельск;41 м2;2 990 000 ;20.09.2018
https://n1.ru/view/27653251/;2-к, Комсомольская, 11;Октябрьский округ, Центр;Архангельск;41 м2;2 990 000 ;19.09.2018
https://n1.ru/view/27624951/;2-к, Воскресенская, 55;Октябрьский округ, Центр;Архангельск, ;65 м2;6 400 000 ;16.09.2018
https://n1.ru/view/26235116/;2-к, В.И.Ленина площадь, 2;Октябрьский округ, Центр;Архангельск;53 м2;3 400 000 ;04.06.2018
https://n1.ru/view/22986528/;2-к, Ломоносова проспект, 154;Октябрьский округ, Центр;Архангельск;68 м2;8 000 000 ;01.12.2017
https://n1.ru/view/27581945/;2-к, Воскресенская, 61;Октябрьский округ, Центр;Архангельск;59 м2;4 500 000 ;13.09.2018
https://n1.ru/view/28513465/;2-к, Вологодская, 40;Октябрьский округ, Центр;Архангельск;43 м2;2 900 000 ;29.11.2018
https://n1.ru/view/26005393/;2-к, Обводный Канал проспект, 58;Октябрьский округ, Центр;Архангельск;52 м2;3 400 000 ;17.05.2018
https://n1.ru/view/25932727/;2-к, Воскресенская, 118;Октябрьский округ, Привокзальный;Архангельск;47 м2;3 750 000 ;11.05.2018
https://n1.ru/view/25214399/;2-к, Обводный Канал проспект, 58;Октябрьский округ, Центр;Архангельск;47 м2;3 400 000 ;29.03.2018
https://n1.ru/view/28411225/;2-к, Тимме, 22 к2;Октябрьский округ, Привокзальный;Архангельск;46 м2;2 960 000 ;21.11.2018
https://n1.ru/view/27473750/;2-к, Карла Либкнехта, 18;Октябрьский округ, Центр;Архангельск;50 м2;4 160 000 ;04.09.2018
https://n1.ru/view/28135832/;2-к, Воскресенская, 14;Октябрьский округ, Центр;Архангельск;78 м2;7 590 000 ;27.10.2018
https://n1.ru/view/28448041/;2-к, Свободы, 24;Октябрьский округ, Центр;Архангельск;69 м2;6 300 000 ;24.11.2018
https://n1.ru/view/28453956/;2-к, Гайдара, 50;Октябрьский округ, Центр;Архангельск;51 м2;3 800 000 ;25.11.2018
https://n1.ru/view/28650693/;2-к, Попова, 27;Октябрьский округ, Центр;Архангельск;43 м2;2 800 000 ;10.12.2018
https://n1.ru/view/28346473/;2-к, Розинга, 6;Октябрьский округ;Архангельск;45 м2;3 650 000 ;15.11.2018
https://n1.ru/view/28206304/;2-к, Гайдара, 2 1к;Октябрьский округ, Центр;Архангельск;79 м2;6 150 000 ;02.11.2018
https://n1.ru/view/27821948/;2-к, Садовая, 38;Октябрьский округ, Центр;Архангельск;29 м2;1 740 000 ;03.10.2018
https://n1.ru/view/24386345/;2-к, Гайдара, 2к1;Октябрьский округ, Центр;Архангельск;100 м2;9 500 000 ;08.02.2018
https://n1.ru/view/28288684/;2-к, Садовая, 56;Октябрьский округ, Центр;Архангельск;50 м2;3 970 000 ;10.11.2018
https://n1.ru/view/27333405/;2-к, Садовая, 18;Октябрьский округ, Центр;Архангельск;79 м2;5 990 000 ;27.08.2018
https://n1.ru/view/28254288/;2-к, Новгородский проспект, 164;Октябрьский округ, Центр;Архангельск;52 м2;3 460 000 ;08.11.2018
https://n1.ru/view/26693040/;2-к, Гагарина, 61;Ломоносовский округ, Привокзальный;Архангельск;45 м2;3 450 000 ;06.07.2018
https://n1.ru/view/27131551/;2-к, Обводный Канал проспект, 14;Ломоносовский округ, Центр;Архангельск;47 м2;2 890 000 ;09.08.2018
https://n1.ru/view/27947105/;2-к, Тимме, 10;Ломоносовский округ, Привокзальный;Архангельск;45 м2;2 960 000 ;15.10.2018
https://n1.ru/view/28141047/;2-к, Воскресенская, 112;Ломоносовский округ, Привокзальный;Архангельск;48 м2;3 790 000 ;28.10.2018
https://n1.ru/view/28703505/;2-к, Северной Двины набережная, 71;Ломоносовский округ, Центр;Архангельск, ;48 м2;4 100 000 ;13.12.2018
https://n1.ru/view/28667587/;2-к, Урицкого, 49 1к;Ломоносовский округ, Центр;Архангельск;50 м2;3 400 000 ;11.12.2018
https://n1.ru/view/28574878/;2-к, Поморская, 34;Ломоносовский округ, Центр;Архангельск;61 м2;5 590 000 ;04.12.2018
https://n1.ru/view/27581936/;2-к, Воскресенская, 61;Октябрьский округ, Центр;Архангельск;59 м2;4 500 000 ;13.09.2018
https://n1.ru/view/27105926/;2-к, Авиационная, 7;Октябрьский округ, Талажский авиагородок;Архангельск;44 м2;1 690 000 ;07.08.2018
https://n1.ru/view/28252571/;2-к, Логинова, 26;Октябрьский округ, Центр;Архангельск;44 м2;2 800 000 ;07.11.2018
https://n1.ru/view/28462088/;2-к, Вологодская, 41;Октябрьский округ, Центр;Архангельск;46 м2;3 450 000 ;26.11.2018
https://n1.ru/view/27121395/;2-к, Карла Маркса, 13;Октябрьский округ, Центр;Архангельск;51 м2;3 300 000 ;09.08.2018
https://n1.ru/view/28450038/;2-к, Обводный Канал проспект, 69;Октябрьский округ, Центр;Архангельск;46 м2;3 200 000 ;25.11.2018
https://n1.ru/view/28019318/;2-к, Аэропорт Архангельск территория, 7;Октябрьский округ, Талажский авиагородок;Архангельск;45 м2;2 000 000 ;18.10.2018
https://n1.ru/view/27975175/;2-к, Гагарина, 61;Октябрьский округ;Архангельск;48 м2;3 390 000 ;16.10.2018
https://n1.ru/view/28155975/;2-к, Попова, 19;Октябрьский округ, Центр;Архангельск;51 м2;4 000 000 ;30.10.2018
